{
  "auth" : {
    "transaction" : "auth",
    "sampleCount" : 6500,
    "errorCount" : 0,
    "errorPct" : 0.0,
    "meanResTime" : 1157.3024615384604,
    "medianResTime" : 477.0,
    "minResTime" : 276.0,
    "maxResTime" : 33955.0,
    "pct1ResTime" : 2645.0,
    "pct2ResTime" : 3437.1499999999933,
    "pct3ResTime" : 11590.879999999932,
    "throughput" : 92.46351247546161,
    "receivedKBytesPerSec" : 70.20747834220035,
    "sentKBytesPerSec" : 23.56736011337449
  },
  "Total" : {
    "transaction" : "Total",
    "sampleCount" : 26000,
    "errorCount" : 0,
    "errorPct" : 0.0,
    "meanResTime" : 8591.292461538467,
    "medianResTime" : 9375.0,
    "minResTime" : 276.0,
    "maxResTime" : 62014.0,
    "pct1ResTime" : 22918.0,
    "pct2ResTime" : 28540.500000000007,
    "pct3ResTime" : 37843.91000000002,
    "throughput" : 258.94866840627054,
    "receivedKBytesPerSec" : 226.21191166987032,
    "sentKBytesPerSec" : 86.04571299897415
  },
  "get" : {
    "transaction" : "get",
    "sampleCount" : 6500,
    "errorCount" : 0,
    "errorPct" : 0.0,
    "meanResTime" : 5736.136000000004,
    "medianResTime" : 3827.0,
    "minResTime" : 492.0,
    "maxResTime" : 37736.0,
    "pct1ResTime" : 12290.0,
    "pct2ResTime" : 12622.0,
    "pct3ResTime" : 13315.229999999983,
    "throughput" : 92.09538247920769,
    "receivedKBytesPerSec" : 83.13965999093216,
    "sentKBytesPerSec" : 16.998073523994393
  },
  "create" : {
    "transaction" : "create",
    "sampleCount" : 6500,
    "errorCount" : 0,
    "errorPct" : 0.0,
    "meanResTime" : 14987.193692307685,
    "medianResTime" : 11566.5,
    "minResTime" : 1738.0,
    "maxResTime" : 62014.0,
    "pct1ResTime" : 32880.700000000004,
    "pct2ResTime" : 35882.85,
    "pct3ResTime" : 52608.759999999995,
    "throughput" : 91.13853056646103,
    "receivedKBytesPerSec" : 84.88754469293326,
    "sentKBytesPerSec" : 37.29203545639372
  },
  "update" : {
    "transaction" : "update",
    "sampleCount" : 6500,
    "errorCount" : 0,
    "errorPct" : 0.0,
    "meanResTime" : 12484.537692307653,
    "medianResTime" : 14612.0,
    "minResTime" : 591.0,
    "maxResTime" : 56317.0,
    "pct1ResTime" : 22938.9,
    "pct2ResTime" : 23099.9,
    "pct3ResTime" : 23292.989999999998,
    "throughput" : 68.6080999778343,
    "receivedKBytesPerSec" : 61.80528114148046,
    "sentKBytesPerSec" : 32.96769696461933
  }
}